Subject,Gender,Age,CardSort_AgeAdj,PMAT24_A_CR,ProcSpeed_AgeAdj,ListSort_AgeAdj,LifeSatisf_Unadj,MeanPurp_Unadj,NEOFAC_A,NEOFAC_O,NEOFAC_C,NEOFAC_N,NEOFAC_E
ID1,M,22-25,88.64,19,69.88,85.26,43.1,40.1,27,15,28,24,25
ID2,M,26-30,104.94,20,131.89,103.57,45.6,50,29,23,26,21,32
ID3,F,26-30,109.92,17,112.36,98.44,48,42.4,37,24,35,15,37
ID4,M,31-35,100.77,7,96,102.63,57.7,51.9,33,29,34,15,33
ID6,F,31-35,94.3,11,71.99,84.01,46.5,48.1,30,23,39,13,29
ID8,F,31-35,82.44,8,96.97,102.63,45.6,55.8,32,37,34,15,28
ID9,M,26-30,86.03,15,87.33,108.26,48.5,71.6,36,22,36,2,26
ID10,M,26-30,106.84,19,91.83,107.32,57.1,50,32,26,35,12,29
ID12,F,31-35,90.94,21,90.69,112.66,70.6,71.6,NA,NA,NA,NA,NA
ID13,M,22-25,105.44,20,130.65,89.14,62.8,68.1,25,27,27,7,36
ID14,M,26-30,97.83,21,71.1,113.85,64.5,53.5,39,41,30,19,37
ID15,F,26-30,88.48,20,68.81,113.85,52.6,51.6,29,34,38,18,27
ID16,M,26-30,91.6,18,46.07,107.32,47.9,41.2,26,39,27,12,27
ID18,M,26-30,101.68,22,118.18,108.26,64.5,48.8,38,26,38,6,36
ID19,F,26-30,NA,NA,NA,NA,NA,58.2,36,27,32,10,31
ID20,M,22-25,93.54,19,87.33,118.14,50.4,64.7,29,33,40,19,28
ID21,M,26-30,96.85,21,81.57,122.75,55,62.9,38,27,41,8,29
ID23,F,22-25,92.93,17,94.9,103.57,57.1,53.6,27,30,31,20,34
ID25,F,31-35,97.14,16,95.98,112.66,43,32.7,36,26,34,24,16
ID26,F,26-30,96.05,10,92.66,85.26,59.7,55.8,36,25,39,19,36
ID27,M,26-30,97.03,11,96.12,80.7,45.5,42.4,26,18,27,18,26
ID28,F,31-35,109.7,23,133.66,102.63,62.8,61.2,39,34,45,9,25
ID29,F,36+,105.44,15,111.48,107.32,43,49.1,33,19,32,15,39
ID31,M,31-35,99.13,22,91.59,122.75,55,40.4,34,28,25,23,26
ID32,M,26-30,118.44,22,116.84,113.85,51.1,33.6,29,30,22,21,18
ID33,F,31-35,122.65,22,117.3,117.24,57.1,43.9,29,30,38,26,23
ID34,F,31-35,99.33,22,53.53,112.66,54.4,48.1,31,30,30,11,32
ID35,F,31-35,101.78,22,110.4,102.63,57.7,51.9,35,24,34,12,27
ID36,M,26-30,95.81,11,88.33,97.6,60.1,66.5,32,24,47,12,33
ID37,M,26-30,113.71,24,72.39,94.33,43,33.6,36,39,24,26,23
ID38,F,26-30,110.35,23,137.14,128.24,45.4,43.6,44,32,24,17,32
ID39,M,22-25,100.3,22,110.48,123.73,59.7,50,28,29,34,22,29
ID40,F,26-30,88.76,10,103.13,98.44,60.1,50,34,35,33,12,29
ID41,M,36+,92.47,17,78.35,112.66,47.2,59.5,39,35,21,22,30
ID42,F,26-30,NA,NA,NA,NA,NA,57.9,34,28,35,26,25
ID43,F,22-25,100.67,23,119.6,123.73,46.8,36.7,37,33,33,9,28
ID44,M,22-25,100.27,24,119.78,132.49,55,46,31,21,33,17,24
ID45,M,22-25,85.94,6,59.9,76.81,36.4,41.1,22,23,37,27,34
ID46,F,31-35,103.76,10,95.29,84.01,42,51.9,38,22,44,20,24
ID47,M,22-25,108.59,21,99.57,108.26,62.8,53.5,29,17,33,16,34
ID48,F,26-30,107.29,16,101.64,108.26,57.1,50,35,24,35,21,33
ID51,M,22-25,80.58,18,63.49,89.14,47.2,50,25,27,45,18,38
ID52,M,31-35,91.42,20,105.62,93.3,36.7,46.2,30,36,30,35,29
ID53,M,31-35,99.46,22,131.33,131.78,43.3,34.8,22,28,17,20,20
ID54,M,31-35,108.27,19,133.66,88.33,57.1,50,28,20,33,12,27
ID55,F,31-35,85.9,NA,72.46,103.57,55,53.9,NA,NA,NA,NA,NA
ID56,F,31-35,101.59,18,93.58,102.63,74.6,55.7,44,22,40,19,37
ID57,M,31-35,115.19,16,119.17,117.24,57.1,45.3,32,26,36,8,38
ID58,M,26-30,96.15,17,66.72,123.73,59.7,50,38,33,39,12,37
ID59,F,26-30,110.43,20,63.58,103.57,65.8,60.4,40,32,48,13,30
ID60,F,26-30,101.08,19,101.27,113.85,55,51.9,33,27,32,20,36
ID61,F,31-35,107.04,17,113.41,102.63,55,43.9,33,24,35,17,29
ID62,F,26-30,118.05,13,101.57,94.33,41.2,50,35,34,32,27,35
ID63,M,31-35,107.12,17,116.89,102.63,49.8,46,24,34,31,20,25
ID64,F,31-35,99.99,22,90.75,97.6,57.1,64.3,15,44,42,14,34
ID65,M,26-30,88.88,21,99.57,94.33,62.8,60,45,40,41,10,36
ID66,F,26-30,102.23,18,100.43,102.63,50.9,55.6,38,35,24,18,34
ID67,F,31-35,89.08,11,102.2,93.3,71.9,65.5,34,28,30,12,27
ID69,M,31-35,101.36,17,91.83,127.41,65.6,59.5,36,26,26,16,27
ID71,M,22-25,89.94,20,97.87,108.26,44.4,58,30,31,37,12,29
ID72,F,26-30,104.59,18,122.43,112.66,52.6,50,32,25,39,19,32
ID73,F,31-35,98.91,15,103.5,107.32,67.8,61.1,39,26,39,14,33
ID74,F,26-30,85.56,21,68.08,113.85,49.3,45.8,28,25,30,11,19
ID75,M,31-35,112.41,15,114,131.78,47.9,46.1,30,23,30,12,27
ID76,F,26-30,95.52,20,93.58,97.6,41,44,32,23,30,28,33
ID77,F,26-30,109.6,21,120.69,107.32,66.9,63.7,43,25,39,9,35
ID78,F,22-25,103.41,16,129.22,103.57,50.5,52.2,34,26,32,24,32
ID80,M,26-30,96.21,15,96.12,94.33,60.3,49.1,35,15,36,16,31
ID81,F,31-35,102.77,22,134.92,122.75,44.4,43.9,29,40,30,21,33
ID82,M,26-30,108.38,4,96.81,76.81,62.8,53.3,30,22,39,18,36
ID83,F,31-35,96.73,15,80.03,97.6,74.6,53.6,29,27,27,12,23
ID85,F,31-35,102.6,14,109.44,93.3,62.5,55.9,35,22,30,16,31
ID87,M,22-25,82.65,9,66.72,94.33,45.5,42.4,34,27,37,23,27
ID88,F,31-35,96.41,NA,82.65,93.3,67.8,67.7,NA,NA,NA,NA,NA
ID89,M,22-25,100.17,21,104.97,103.57,51.1,40.5,34,23,36,14,28
ID90,F,31-35,88.01,14,61.38,122.75,35.3,50,42,29,42,22,33
ID91,M,26-30,96.56,14,127.45,89.14,62.9,51.9,26,33,29,20,35
ID92,M,26-30,91.32,13,99.37,98.44,43.3,57.2,27,28,36,23,22
ID93,M,26-30,114.71,19,108.74,118.14,67.8,62.6,42,33,43,13,44
ID94,F,26-30,109.21,23,119.1,122.75,59.7,48.1,29,34,31,20,18
ID95,F,26-30,110.13,24,112.06,112.66,57.1,40.7,25,27,40,16,11
ID96,F,22-25,88.53,12,93.56,88.33,57.7,71.6,36,26,39,9,25
ID97,F,22-25,93.75,NA,129.22,98.44,46.5,53.6,NA,NA,NA,NA,NA
ID99,F,26-30,94.14,19,112.44,89.14,62.9,48.1,38,33,24,20,25
ID100,F,31-35,113.03,16,84.87,80.14,42.6,51.9,38,28,36,19,22
ID101,M,26-30,97.92,23,79.15,123.73,57.7,42.9,32,38,36,5,28
ID103,M,22-25,98.41,10,92.42,103.57,57.1,44,26,17,34,14,25
ID104,M,22-25,115.21,17,108.74,103.57,40.6,51.9,25,33,31,39,23
ID105,M,26-30,101.02,19,112.36,94.33,47.7,44.5,33,34,29,25,21
ID106,M,26-30,98.49,20,89.14,136.46,54.4,60.8,29,27,33,1,11
ID107,F,22-25,89.66,17,125.28,103.57,52,51.9,33,32,30,23,28
ID108,F,31-35,88.76,22,73.5,93.3,62.5,53.6,32,22,29,28,29
ID109,F,26-30,92.39,12,95.8,98.44,52.6,42.4,28,27,26,20,37
ID110,F,26-30,116.76,24,123.33,108.26,52.7,33.5,35,39,42,8,30
ID111,F,26-30,97.4,14,103.61,72.9,54.4,47.8,37,26,38,12,38
ID112,F,31-35,104.26,22,109.13,117.24,48.8,50,28,31,38,24,25
ID113,F,26-30,85.2,12,61.72,89.14,51.1,46.1,34,32,34,12,30
ID114,F,26-30,103.51,21,80.41,98.44,59.7,57.6,34,26,34,13,25
ID116,M,22-25,110.73,19,90.9,113.85,48.9,51.6,32,26,39,36,30
ID117,M,26-30,67.32,6,77.65,108.26,38.5,44.1,24,22,26,20,28
ID118,M,26-30,89.4,20,61.27,103.57,41.3,48.7,33,38,37,8,25
ID119,M,31-35,98.29,11,105.38,97.6,38.3,40.8,31,32,28,25,23
ID120,F,31-35,101.25,7,119.1,102.63,43.1,40.5,31,28,40,30,33
ID121,F,31-35,108.04,17,128.38,93.3,53.1,48.1,28,20,26,16,19
ID124,F,26-30,115.55,21,138.01,103.57,59.7,50,34,23,36,15,36
ID125,F,31-35,86.28,20,104.04,93.3,57.1,44.9,36,39,37,14,28
ID126,M,26-30,95.59,16,95.32,98.44,55,50,29,26,38,12,23
ID128,M,26-30,109.72,8,102.81,80.7,56.1,58.7,33,27,37,12,27
ID129,F,26-30,100.84,21,137.14,89.14,39.7,32.8,38,37,31,26,27
ID130,M,22-25,68.87,15,125.28,94.33,55,51.7,35,24,41,18,25
ID131,F,31-35,103.06,7,86.51,93.3,50.9,50,25,22,31,34,34
ID132,M,22-25,86.98,8,90.9,89.14,64.5,62.3,32,20,40,16,32
ID133,F,26-30,118.63,16,122.06,103.57,48.8,45.2,38,35,32,17,43
ID134,M,31-35,104.15,18,100.98,117.24,52.6,51.7,31,27,33,18,34
ID135,M,26-30,97.07,12,75.77,89.14,34.2,38.7,25,34,29,32,26
ID136,F,31-35,100.25,18,109.47,84.01,48.3,44.3,30,26,31,19,23
ID137,F,26-30,104.39,13,123.33,136.46,67.7,71.6,38,36,23,8,34
ID138,F,31-35,105.57,10,120.69,97.6,64.5,60.6,37,26,34,14,34
ID139,M,26-30,89.8,23,89.14,128.24,50.3,59.7,28,35,33,24,32
ID141,F,31-35,105.15,8,86.78,80.14,40.1,59.8,38,15,37,21,38
ID142,F,26-30,111.71,13,93.92,103.57,57.1,50,36,30,36,8,36
ID143,F,31-35,97.27,7,142.58,102.63,57.1,55.9,38,20,38,22,26
ID144,M,31-35,94.27,21,81.75,75.82,74.6,71.6,33,21,39,9,36
ID145,F,31-35,108.58,6,109.17,97.6,60.1,63.7,42,27,36,17,34
ID146,M,22-25,90.91,21,56.69,89.14,53.2,47.8,33,30,36,16,30
ID147,M,22-25,106.42,23,129.22,98.44,49.7,55.9,29,33,27,14,37
ID149,F,31-35,98.49,11,93.58,84.01,42.6,45.5,34,29,36,15,21
ID150,F,31-35,108.1,21,109.72,93.3,74.6,71.6,46,24,37,2,47
ID151,M,31-35,109.02,19,114.24,112.66,55,40.9,31,35,30,13,37
ID152,F,26-30,100.28,21,96.97,112.66,64.5,71.6,34,22,33,22,29
ID153,F,26-30,100.22,14,114.01,98.44,57.1,53.6,29,25,41,18,34
ID154,F,31-35,96.79,20,98.75,102.63,57.1,53.9,35,24,36,23,28
ID156,M,31-35,112.93,14,95.29,107.32,57.1,59.8,26,28,34,12,31
ID157,M,26-30,92.95,24,96.15,112.66,64.5,50.3,40,30,39,8,28
ID158,F,31-35,NA,NA,NA,NA,NA,NA,NA,NA,NA,NA,NA
ID159,F,26-30,117.35,8,117.3,117.24,57.1,50,35,33,33,15,32
ID160,M,22-25,101.72,7,104.72,123.73,47.8,38.7,28,23,26,23,24
ID161,F,31-35,105.78,23,106.57,112.66,55,57.6,33,25,39,18,28
ID162,M,22-25,85.56,20,83.82,98.44,64.5,54.7,33,26,31,13,34
ID163,F,26-30,89.79,16,67.13,88.33,55,50,36,28,33,13,34
ID164,M,26-30,94.31,20,110.92,103.57,55.6,55.9,26,25,37,8,37
ID165,M,26-30,116.31,22,129.22,98.44,70.6,64.3,32,44,37,3,40
ID166,F,26-30,100.39,14,116.24,98.44,55.2,46.5,28,28,28,28,19
ID167,M,26-30,100.25,20,75.77,98.44,55,47.9,27,25,36,17,32
ID168,F,31-35,104.61,9,131.33,88.33,47,50.4,33,28,40,14,29
ID169,F,26-30,109.14,22,144.06,122.75,54.4,45.8,35,26,47,19,20
ID170,M,31-35,99.13,20,102.2,107.32,50.5,43.4,25,32,31,21,20
ID171,F,22-25,108.53,9,108.74,89.14,48,48.3,33,23,39,25,33
ID172,F,31-35,119.48,22,114.29,122.75,60.3,54.3,46,27,38,16,29
ID173,F,26-30,110.04,11,113.48,84.01,55,51.7,32,17,38,18,35
ID174,F,26-30,99.78,7,90.9,113.85,51.8,51.6,41,33,44,15,37
ID175,F,26-30,94.03,17,91.51,123.73,42.1,38.7,36,19,27,29,30
ID177,M,26-30,103.56,21,131.89,103.57,62.5,42.1,31,42,25,19,34
ID178,M,22-25,104.13,23,104.88,132.49,52.6,71.6,30,30,12,12,12
ID179,F,22-25,101.08,22,118.18,98.44,49.2,59.7,25,28,31,17,24
ID180,F,26-30,89.48,8,75.67,89.14,54.4,50,37,34,36,16,34
ID181,F,26-30,112.78,8,93.5,85.26,47.2,43.3,26,20,42,18,39
ID182,F,26-30,89.78,18,97.99,89.14,57.9,48.5,41,27,37,19,38
ID184,M,26-30,102.83,22,88.95,127.41,60.1,53.9,32,36,36,11,34
ID185,F,31-35,94.94,8,96.97,112.66,57.3,60.1,36,32,36,10,29
ID186,M,22-25,98.34,13,92.67,66.49,48.6,49.7,39,30,41,11,26
ID187,M,26-30,96.21,20,98.46,98.44,45.9,60.1,40,26,31,17,29
ID188,F,31-35,94.4,19,80.03,84.01,69.1,57.7,34,30,36,9,31
ID189,F,26-30,102.83,24,119.1,131.78,74.6,60.8,34,31,32,14,26
ID190,M,26-30,99.75,20,79.41,84.01,64.5,48.4,32,34,38,3,39
ID191,F,26-30,100.59,12,112.44,89.14,55,55.9,31,23,33,12,26
ID193,M,26-30,107.21,23,100.43,97.6,55,55.8,41,34,46,8,34
ID194,F,31-35,92.69,17,109.72,97.6,66.7,60.9,22,29,45,25,37
ID195,F,31-35,108.85,21,122.43,102.63,45,36.5,38,31,25,26,37
ID196,F,22-25,111.17,16,109.18,98.44,57.1,60.5,36,29,18,23,37
ID197,M,22-25,92.71,14,68.79,80.7,38.8,49.5,29,34,34,25,34
ID199,M,22-25,104.18,13,99.57,103.57,45.9,37.9,29,26,29,26,32
ID201,F,26-30,122.65,19,123.87,93.3,71.9,58,39,26,37,19,26
ID202,M,26-30,101.64,19,72.46,108.26,62.5,46.5,42,23,32,11,28
ID203,M,31-35,97.9,20,78.35,88.33,46.5,46.8,30,29,26,21,22
ID204,M,26-30,86.5,20,119.78,98.44,35.5,35.3,31,39,15,45,19
ID205,M,31-35,102.71,21,109.72,107.32,57.7,48.1,29,38,32,12,29
ID206,M,22-25,101.64,15,72.46,103.57,64.5,57.8,32,18,31,17,34
ID207,F,31-35,115.41,15,129.86,93.3,57.1,65.7,40,34,41,5,36
ID208,M,31-35,96.14,20,97.23,107.32,74.6,55.8,36,28,33,23,26
ID209,M,31-35,113.23,9,101.56,112.66,41.3,51.9,40,37,33,6,42
ID210,F,31-35,104.63,19,108.5,127.41,55,46.1,38,23,32,18,28
ID211,M,22-25,104.34,24,90.9,103.57,48.5,59.6,43,42,34,6,42
ID212,F,31-35,100.21,NA,115.61,102.63,71.9,65.5,43,26,47,1,33
ID213,M,31-35,87.08,15,78.35,102.63,57.1,51.9,29,25,32,15,35
ID214,F,22-25,92.93,13,97.87,103.57,62.9,71.6,35,21,27,23,35
ID215,M,31-35,84.14,6,83.55,97.6,52,44.2,31,31,41,18,31
ID216,F,31-35,100.24,18,113.48,93.3,43.1,42.9,30,35,32,24,29
ID217,F,31-35,99.99,10,100.91,93.3,55,48.1,33,28,37,15,33
ID218,M,26-30,116.08,22,89.14,103.57,59.9,49.4,34,32,38,10,45
ID219,M,22-25,96.36,10,84.33,123.73,52.6,53.8,36,23,37,11,40
ID220,M,22-25,85.85,16,80.54,94.33,43.1,38.7,25,30,32,22,28
ID221,F,31-35,112.69,13,105.4,102.63,62.8,65.7,40,23,39,11,42
ID222,F,26-30,88.53,19,103.13,94.33,74.6,55.9,34,18,37,11,26
ID223,F,31-35,115.75,21,110.13,97.6,55,54,40,20,30,17,33
ID224,M,26-30,101.46,23,137.14,98.44,55,50,40,32,33,17,37
ID225,F,26-30,87.25,8,86.02,98.44,48.3,44.5,40,17,31,24,40
ID226,F,36+,NA,18,131.33,107.32,57.2,63.4,41,40,21,22,33
ID227,F,26-30,92.36,14,85.38,98.44,35.3,40.8,31,19,37,17,36
ID228,M,31-35,90.57,15,71.99,112.66,55,46.8,31,24,37,17,31
ID229,M,31-35,110.45,14,97.73,112.66,55,50,27,36,16,15,26
ID230,F,22-25,81.81,11,87.12,80.7,31.3,36.2,23,27,34,23,30
ID231,M,26-30,106.92,17,116.46,123.73,59.7,58.1,32,33,29,23,37
ID233,F,22-25,79.12,10,101.64,80.7,43.7,40.5,34,21,37,18,26
ID234,F,26-30,91.12,10,96.45,72.9,64.5,67.7,35,29,37,13,31
ID236,M,31-35,111.9,17,118.02,112.66,57.1,53.6,29,24,31,29,35
ID237,F,26-30,98,22,142.86,85.26,67.8,57.8,35,25,36,18,30
ID238,F,31-35,93.86,19,91.73,107.32,37.9,42.7,30,25,32,25,15
ID239,F,26-30,97.77,21,91.83,122.75,57.3,46.5,38,24,36,18,28
ID240,M,26-30,85.11,13,75.64,98.44,36.7,46.3,26,38,36,2,38
ID241,F,26-30,98.22,13,116.46,98.44,35.6,40.8,27,22,29,23,31
ID242,F,31-35,81.7,7,75.06,84.01,74.6,66.5,40,19,44,25,40
ID245,F,26-30,106.29,21,104.04,122.75,62.8,57.9,42,24,44,13,20
ID246,F,22-25,107.87,21,125.28,94.33,51.7,50,30,24,35,18,27
ID248,M,22-25,103.66,19,85.5,89.14,60.1,51.3,41,24,40,14,32
ID250,M,26-30,113.33,20,108.74,118.14,36.4,31.4,24,29,16,41,28
ID251,F,26-30,90.16,15,71.09,118.14,55,50,33,30,28,21,31
ID252,M,22-25,117.79,19,143.56,108.26,51.6,57.9,31,22,39,11,41
ID253,F,26-30,96.77,8,96.94,80.7,63.3,51.9,34,27,39,22,31
ID254,M,31-35,103,9,113.48,93.3,57.1,52.2,37,33,40,13,32
ID255,M,26-30,96.65,21,97.87,108.26,54.4,50,34,31,32,15,28
ID256,F,26-30,87.48,7,106.31,98.44,57.1,50.3,43,25,42,13,39
ID257,F,31-35,106.29,6,91.83,93.3,45.5,42.4,31,25,40,16,24
ID259,F,31-35,103.55,20,104.04,102.63,53.1,48.1,35,28,40,16,38
ID260,M,26-30,105.09,22,77.6,94.33,74.6,71.6,36,31,35,12,46
ID261,F,22-25,100.01,16,85.5,98.44,68.2,50,37,29,27,21,18
ID262,F,31-35,105.35,17,107.94,107.32,47,46,31,25,39,38,25
ID263,F,31-35,98.37,18,101.15,122.75,60.1,65,45,40,45,5,35
ID264,F,26-30,114.32,22,96.12,103.57,47.8,50,33,29,26,34,22
ID265,F,26-30,98.77,19,103.5,108.26,40.1,38.9,30,35,34,22,26
ID266,F,31-35,107.87,7,110.93,88.33,51.7,71.6,31,35,29,20,33
ID267,M,26-30,91.36,22,73.5,102.63,57.1,56.1,33,26,37,11,35
ID268,F,22-25,118.05,22,99.39,98.44,52.6,46.8,31,24,34,21,30
ID270,F,22-25,118.05,23,144.35,108.26,52.7,40.8,39,36,25,16,32
ID271,M,31-35,113.36,18,109.74,107.32,60.1,53.6,45,22,36,9,30
ID272,M,22-25,102.06,23,121.5,108.26,64.5,51.7,32,42,33,16,27
ID273,M,26-30,106.76,10,92.21,89.14,62.6,56.5,33,26,38,9,29
ID274,F,31-35,121.82,16,96.97,102.63,65.8,52.2,32,26,34,19,24
ID275,M,26-30,94.54,11,96.12,89.14,62.8,55.7,32,27,41,13,32
ID276,F,26-30,103.25,20,90.37,102.63,54.4,43.4,27,28,42,19,36
ID277,F,26-30,103.55,12,103.15,89.14,33.8,32.7,22,16,26,26,20
ID278,M,26-30,108.16,20,81.06,98.44,68.2,57.5,40,23,34,11,35
ID279,M,22-25,115.13,21,118.45,108.26,54.4,48.5,38,45,22,30,28
ID280,M,22-25,103.87,21,106.9,108.26,51.1,49.9,36,36,33,20,38
ID281,M,31-35,113.07,20,119.1,93.3,57.1,57.8,36,21,38,11,30
ID283,M,22-25,116.95,19,114.51,108.26,49.2,44.2,21,35,31,27,31
ID284,F,26-30,114.32,19,112.44,98.44,56.6,60.8,38,21,41,18,34
ID285,M,26-30,94.54,18,101.58,108.26,33.3,37.9,25,32,34,29,30
ID286,F,26-30,109.93,11,111.87,117.24,70.1,61.3,32,26,44,16,33
ID287,M,31-35,97.74,22,106.18,122.75,49.8,42.5,28,27,31,28,27
ID289,M,31-35,114.23,22,119.1,112.66,47.8,44.5,33,29,45,20,26
ID293,F,22-25,96.85,10,88.99,98.44,60.1,46.5,31,24,36,26,32
ID294,F,22-25,100.92,16,74.97,128.24,64.5,67.7,30,27,35,14,36
ID295,F,26-30,97.92,11,97.87,94.33,57.1,53.8,29,25,34,16,27
ID297,M,31-35,107.32,22,121.73,117.24,60.1,48.2,29,31,34,20,26
ID298,F,22-25,102.41,21,66.72,94.33,48.9,40.2,36,35,35,38,26
ID299,F,26-30,85.85,11,127.45,85.26,59.9,42.4,38,12,44,15,30
ID302,F,22-25,89.17,22,80.54,103.57,43.3,45.2,27,24,40,25,23
ID303,M,26-30,113.09,19,124.27,122.75,57.1,58,27,29,31,10,34
ID305,M,26-30,86.7,13,131.89,94.33,57.3,44.5,27,28,31,15,37
ID306,M,31-35,113.4,20,83.22,102.63,68.2,68.1,36,28,44,2,33
ID307,F,31-35,107.91,17,107.94,112.66,48.9,53.8,32,34,32,17,34
ID308,M,26-30,109.14,13,71.1,94.33,38.9,50.2,25,23,32,26,32
ID309,F,31-35,101.47,12,126.24,93.3,69.1,50,32,31,26,34,25
ID310,F,26-30,103.93,20,119.74,113.85,48.8,50,23,28,37,15,26
ID311,M,26-30,101.65,21,68.79,98.44,55,38.3,41,40,33,18,34
ID313,F,22-25,118.05,12,144.38,80.7,57.1,71.6,20,32,48,4,38
ID314,F,26-30,105.69,20,119.71,89.14,65.6,51.7,29,24,35,28,31
ID316,M,22-25,115.11,21,148.4,113.85,57.1,58.7,31,26,33,11,25
ID318,M,31-35,110.45,21,109.72,117.24,74.6,60.5,31,25,34,15,35
ID319,F,31-35,103.75,22,97.76,69.1,57.1,48.5,35,38,39,12,34
ID320,F,26-30,118.64,9,107.32,93.3,60.1,60.6,34,28,36,14,35
ID321,F,36+,101.78,19,102.2,112.66,48,50,35,21,24,34,28
ID322,F,26-30,119.05,22,115.48,69.1,48,46.2,35,29,37,20,27
ID323,M,31-35,96.94,12,111.16,84.01,40.1,35,34,29,30,27,31
ID324,M,22-25,117.72,21,104.97,94.33,55,58.5,37,40,29,19,34
ID327,M,31-35,104.73,21,93.52,102.63,64.5,55.8,39,32,45,2,40
ID329,M,26-30,87.52,19,75.48,94.33,65.8,68.1,45,40,38,0,40
ID331,M,31-35,110.79,7,143.14,122.75,74.6,53.6,26,22,27,21,31
ID334,M,31-35,102.85,14,118.72,117.24,45.1,56.9,30,30,37,23,29
ID335,F,22-25,104.73,13,119.78,108.26,53.1,51,36,36,30,14,36
ID336,F,26-30,100.97,18,61.27,98.44,41.7,50.4,32,38,26,29,19
ID338,F,26-30,111.87,8,108.27,112.66,49.6,51.9,31,31,38,15,34
ID340,F,31-35,103.67,21,113.07,84.01,57.1,50,36,34,33,18,34
ID341,M,26-30,93.83,14,71.1,103.57,44,33.6,20,22,26,21,24
ID342,F,31-35,109.4,15,121.98,84.01,55,44.5,36,26,29,18,33
ID343,M,22-25,93.68,20,92.66,113.85,58.9,57.7,43,35,43,0,40
ID344,F,26-30,66.55,10,88.9,98.44,65.8,53.5,34,34,37,9,45
ID345,F,26-30,84.15,22,81.26,118.14,54.4,50,37,29,33,19,31
ID346,F,26-30,97.36,12,103.13,98.44,45.1,50,34,25,38,15,32
ID348,M,26-30,102.6,14,97.54,103.57,64.1,71.6,40,31,35,17,40
ID349,M,31-35,90.26,15,100.43,127.41,65.6,50,28,15,39,14,20
ID350,F,31-35,105.37,21,110.89,107.32,62.8,58.6,35,31,36,14,33
ID351,F,31-35,83.18,9,63.93,84.01,46.5,46.5,22,29,31,22,30
ID352,M,31-35,113.34,23,105.46,107.32,57.1,56.1,27,26,37,2,26
ID353,M,26-30,99.11,23,110.21,118.14,39.9,40.5,34,30,26,21,18
ID354,M,22-25,99.52,17,82.24,132.49,74.6,63.1,32,35,28,20,37
ID355,F,26-30,103.79,19,72.22,89.14,37.7,37.2,36,28,26,42,25
ID356,M,22-25,116.31,18,118.09,85.26,57.1,57.6,28,22,26,19,31
ID357,F,22-25,108.85,15,111.72,89.14,64.5,42.1,32,34,35,13,36
ID358,M,26-30,89.27,17,129.22,103.57,51.1,50.2,37,30,22,28,28
ID361,F,26-30,119.65,20,136.71,103.57,52.6,48.5,23,23,29,22,22
ID363,M,22-25,88.5,17,45.31,103.57,48.5,53.6,24,34,41,14,32
ID364,F,26-30,106.42,11,99.32,93.3,74.6,71.6,40,29,39,8,37
ID365,F,31-35,109.92,15,80.03,102.63,64.5,51.7,37,21,35,13,27
ID366,F,26-30,101.78,10,93.58,84.01,43.1,52.2,44,35,38,20,25
ID367,F,26-30,98.9,17,90.53,98.44,51.1,53.6,29,36,27,26,25
ID368,M,26-30,118.05,10,96.12,89.14,43.3,48,27,34,41,21,36
ID369,M,22-25,87.61,18,80.54,113.85,59.7,56.7,34,23,36,14,33
ID370,M,26-30,110.59,12,104.97,94.33,45.5,32.9,17,19,37,23,19
ID371,M,31-35,93.5,18,76.37,107.32,40.6,40.5,34,33,36,11,30
ID372,F,22-25,91.4,21,83.82,113.85,45.4,48.5,23,33,37,27,26
ID374,M,22-25,98,19,104.97,98.44,42,40.8,30,32,27,19,31
ID376,F,31-35,92.41,6,77.26,75.82,38.2,38.6,30,20,35,26,24
ID377,F,26-30,97.54,19,88.33,97.6,66.9,67.3,42,19,31,20,40
ID378,M,22-25,119.65,18,139.3,118.14,54.4,56.2,28,26,35,12,36
ID379,F,26-30,97.74,12,111.48,102.63,59.7,50,44,32,22,13,31
ID380,M,26-30,108.59,15,136.71,103.57,65.6,58.5,33,26,39,1,31
ID381,F,31-35,92.79,22,79.48,93.3,60.1,71.6,36,24,41,7,44
ID382,F,26-30,110.46,13,77.17,89.14,41.9,46.6,36,33,38,28,35
ID384,M,26-30,96.6,19,74.17,98.44,52.9,50,29,41,29,16,31
ID385,F,26-30,103.51,20,73.5,112.66,37.4,42.5,37,28,37,15,30
ID386,F,31-35,99.1,17,98.75,102.63,36.9,46.5,23,29,40,22,28
ID387,M,26-30,97.75,18,112.13,85.26,40.2,55.7,36,26,40,16,34
ID388,F,26-30,89.69,20,71.1,103.57,62.8,48.3,39,20,36,11,33
ID389,M,26-30,102.11,21,94.38,89.14,62.8,52.2,28,24,34,22,28
ID390,M,26-30,103.97,20,85.18,103.57,38.8,42.1,35,26,40,17,33
ID391,F,26-30,93.42,18,86.31,84.01,43.4,54.3,37,28,42,16,31
ID392,M,22-25,97.38,20,108.74,108.26,44,51.9,39,30,33,21,32
ID393,F,22-25,95.37,22,102.77,108.26,57.1,53.2,21,37,34,16,27
ID394,M,31-35,86.71,10,91.83,102.63,49.7,43.2,25,35,30,26,33
ID395,F,31-35,97.69,19,92.29,88.33,57.3,58.7,30,21,36,18,31
ID396,M,31-35,112.01,17,107.94,93.3,57.1,50,29,30,30,8,39
ID397,M,26-30,110.3,20,88.33,102.63,51.2,40.7,32,33,35,18,32
ID398,M,26-30,100.64,23,92.3,128.24,48.9,48.1,35,35,26,22,22
ID399,F,26-30,105.92,19,105.9,117.24,40.9,59.9,37,25,31,19,36
ID401,F,22-25,119.65,21,104.97,98.44,70.1,68.2,42,25,37,13,31
ID402,M,31-35,111.22,15,100.43,93.3,58.6,50,24,28,27,20,28
ID403,F,22-25,99.04,17,74.17,103.57,57.6,56.7,42,32,37,16,32
ID404,F,26-30,93.31,20,94.18,113.85,60.1,48.1,35,32,38,12,20
ID405,F,31-35,90.76,9,108.77,88.33,49.8,68.1,33,26,33,20,27
ID406,M,22-25,106.42,18,106.9,89.14,66.9,50.6,45,40,46,1,40
ID407,M,22-25,96.21,8,62.24,85.26,64.8,31.4,19,25,31,18,33
ID408,F,22-25,97.28,7,114.51,98.44,70.1,61.6,31,24,39,12,34
ID409,F,31-35,102.2,20,147.29,127.41,57.1,50,25,32,35,15,30
ID410,F,22-25,98.77,21,61.72,103.57,50.9,48.1,29,36,28,24,32
ID411,F,31-35,105.51,11,108.39,88.33,57.1,48.1,31,19,25,27,33
ID412,M,31-35,103.39,22,123.06,102.63,49.8,43.3,31,29,19,10,34
ID413,F,31-35,106.36,24,131.33,112.66,57.1,61.6,33,30,48,8,39
ID414,M,26-30,87.07,22,75.77,98.44,62.9,44.1,39,40,38,19,32
ID416,M,31-35,104.59,18,98.75,117.24,55,48.1,24,27,15,19,27
ID417,M,26-30,93.43,20,85.5,94.33,55,51.9,29,28,39,14,35
ID418,F,26-30,87.37,12,94.23,103.57,45.5,37.9,22,19,28,17,20
ID419,M,31-35,108.66,18,124.42,112.66,60.1,52.2,37,23,41,10,34
ID420,F,26-30,92.61,9,103.13,94.33,58.9,53.2,47,28,29,8,36
ID421,F,31-35,103,17,115.61,112.66,49.8,50,38,32,35,16,26
ID422,M,26-30,103.9,9,112.44,94.33,62.5,55.8,38,30,38,9,35
ID423,M,22-25,102.9,9,89.14,98.44,53.1,36.7,22,29,28,26,32
ID424,F,26-30,111.39,22,90.94,98.44,48,48.1,33,27,39,12,30
ID425,F,26-30,98.19,20,96.43,107.32,59.7,50,36,25,40,10,32
ID426,F,26-30,108.72,20,118.96,113.85,55,38.7,34,32,34,23,27
ID427,M,22-25,85.04,10,119.78,98.44,47,42.1,29,24,33,25,25
ID428,F,31-35,88.79,19,84.87,93.3,48.3,52.2,36,24,28,19,29
ID430,M,22-25,104.4,21,106.9,98.44,50.2,48.1,30,26,27,18,29
ID431,M,31-35,110.36,20,111.35,122.75,42,36.8,30,27,36,28,18
ID432,F,26-30,109.73,8,97.45,80.7,47,40.8,24,20,36,18,35
ID433,F,31-35,95.22,14,96.97,102.63,25.2,38.7,34,16,35,27,28
ID434,F,26-30,99.68,21,90.9,123.73,59.7,50,43,21,43,5,34
ID435,F,26-30,98.55,20,81.81,118.14,58.3,60.9,41,41,36,24,34
ID436,F,26-30,89.4,10,135.63,98.44,51.8,66.3,40,22,44,20,30
ID437,F,26-30,88.87,7,89.52,89.14,44.8,43.5,10,22,34,43,18
ID438,F,26-30,113.71,23,87.33,132.49,62.8,61.4,37,36,36,7,36
ID439,F,31-35,122.65,22,127.56,93.3,65.8,59.8,37,29,39,15,28
ID440,F,31-35,110.13,20,126.24,102.63,55,45.8,37,27,36,15,32
ID441,F,31-35,95.36,13,93.58,112.66,57.1,57.5,39,21,34,21,32
ID442,F,31-35,90.47,16,88.27,84.01,55,38.7,34,30,36,15,24
ID443,M,36+,112.15,23,67.13,131.78,52.7,60.8,18,27,32,25,19
ID444,F,31-35,106.83,6,126.24,102.63,39.9,40.8,38,33,32,21,29
ID446,F,31-35,87.92,9,71.99,88.33,55,58.7,33,22,41,11,31
ID448,F,31-35,83.54,12,98.75,84.01,57.1,55.9,42,24,21,20,22
ID449,F,26-30,84.55,22,76.63,97.6,52,61.2,41,26,45,10,28
ID450,M,31-35,116.36,12,106.76,107.32,41.3,35.7,29,39,27,27,25
ID451,M,31-35,112.83,10,97.76,122.75,49.2,50.3,38,29,29,11,32
ID452,F,31-35,91.6,6,105.92,84.01,59.7,66.5,44,27,46,16,40
ID453,M,31-35,103.37,20,105.92,93.3,45.9,50,37,37,34,23,24
ID454,F,31-35,101.2,14,100.43,102.63,55,40.8,28,32,27,25,27
ID455,M,31-35,112.93,21,105.92,102.63,34.9,40.8,37,31,33,25,25
ID456,F,31-35,118.81,22,115.53,112.66,65.5,52.2,43,19,34,12,32
ID459,M,26-30,83.82,14,63.02,98.44,52.6,53.8,24,26,22,17,30
ID460,F,26-30,104.26,20,111.48,102.63,43.8,44.3,37,35,30,33,26
ID462,M,31-35,85.24,6,90.33,93.3,48.3,48.8,32,23,37,16,30
ID463,M,26-30,95.83,15,104.97,98.44,57.7,61.9,33,19,38,15,30
ID464,F,22-25,99.81,21,112.44,103.57,53.4,38.8,27,27,23,31,22
ID465,F,31-35,100.86,12,96.97,102.63,46.5,42.4,32,23,32,23,28
ID466,F,26-30,90.11,8,75.77,80.7,60.1,58,38,33,36,15,40
ID467,M,22-25,104.39,14,79.15,103.57,41.3,40,32,18,45,14,40
ID468,M,26-30,91.67,22,64.96,108.26,49.8,53.8,32,35,32,10,29
ID472,F,31-35,108.03,24,104.04,122.75,71.9,60.6,39,21,39,12,24
ID474,F,26-30,99.21,11,115.61,108.26,62.9,57.8,32,23,39,14,32
ID478,F,26-30,112.64,21,105.63,98.44,62.8,42.6,32,28,43,6,32
ID480,F,31-35,96.36,22,111.48,112.66,41.3,46.5,29,29,38,16,25
ID481,M,26-30,112.52,20,70.51,97.6,60.1,52.2,43,13,35,29,36
ID482,F,26-30,117.33,20,112.37,108.26,41.7,48.1,39,40,25,19,35
ID483,F,31-35,96.14,6,93.58,84.01,57.7,55.6,45,32,37,5,33
ID484,M,31-35,84.13,14,53.53,93.3,49.2,63.1,34,37,26,14,33
ID485,F,26-30,99.8,22,102.73,94.33,62.8,58.7,41,28,35,17,32
ID486,M,22-25,103.42,19,127.45,98.44,65.5,49.4,34,20,38,2,30
ID487,M,26-30,121.24,12,129.6,122.75,45.4,38.4,27,27,35,26,30
ID488,F,31-35,87.81,15,90.12,122.75,43.1,50,38,29,29,26,34
ID489,M,22-25,98.77,19,95.04,103.57,53.1,50.6,27,27,31,16,33
ID490,F,26-30,96.9,19,98.44,103.57,57.1,53.6,35,32,37,18,28
ID491,M,26-30,95.21,22,92.66,103.57,62.8,66.2,35,32,44,11,32
ID492,F,26-30,96.37,14,93.58,97.6,70.6,71.6,41,34,45,4,34
ID493,M,22-25,98.08,15,110.48,98.44,55.1,58,30,25,36,22,30
ID494,F,31-35,87.81,16,83.22,93.3,57.1,50,40,30,31,26,34
ID495,F,31-35,95.24,9,96.69,75.82,28.1,40.8,38,23,31,31,36
ID496,F,26-30,105.69,23,94.2,103.57,59.7,50,38,22,29,12,32
ID497,F,31-35,102.48,16,124.42,107.32,64.5,53.6,32,25,36,14,29
ID500,M,26-30,102.65,8,96.12,128.24,54.9,50,20,26,28,15,25
ID502,F,26-30,93.77,5,96.84,84.01,47.2,55.7,41,29,40,12,30
ID503,M,26-30,102.15,22,129.22,89.14,54.9,67.7,26,32,39,23,42
ID504,M,26-30,102.3,17,50.59,103.57,57.1,47.8,19,27,35,20,25
ID505,M,31-35,94.07,16,83.22,102.63,60.1,56.5,38,34,44,10,32
ID506,F,31-35,103.76,23,104.02,122.75,55,52.2,33,23,36,15,32
ID507,F,31-35,99.76,16,97.78,93.3,60.1,57.8,23,32,32,11,33
ID508,F,31-35,109.69,16,124.42,93.3,57.7,50.8,36,27,41,3,32
ID509,F,26-30,104.39,24,97.87,98.44,40.1,34.1,35,23,37,30,27
ID511,M,22-25,102.69,18,87.9,108.26,42.2,63.1,26,25,38,23,35
ID513,F,31-35,110.25,16,100.82,107.32,44.8,43.9,32,22,34,26,25
ID514,M,26-30,113.98,21,101.27,108.26,57.1,50,37,18,31,12,27
ID515,M,22-25,111.05,15,70.21,94.33,55.3,44.1,35,24,29,17,24
ID519,F,26-30,106.36,21,117.3,97.6,53.1,57.4,41,35,28,23,31
ID520,F,22-25,86.5,9,77.15,84.01,47,50,33,27,35,14,31
ID522,F,31-35,115.15,20,116.82,102.63,57.1,53.6,41,25,20,18,34
ID523,F,31-35,113.94,20,109.7,93.3,51.2,42.5,25,25,38,19,21
ID524,F,26-30,109.13,23,96.97,117.24,65.8,50,31,38,37,20,35
ID525,M,26-30,93.31,12,118.18,94.33,55,50.6,26,28,31,13,29
ID527,M,26-30,103.81,18,105.63,108.26,52,45.2,27,34,38,18,23
ID528,M,22-25,114.08,14,136.71,108.26,54.9,37.9,31,23,36,16,38
ID529,M,26-30,83.82,16,85.36,94.33,53.4,50,33,34,36,15,28
ID532,F,22-25,107.82,18,131.89,103.57,55,50,27,28,41,14,32
ID533,M,22-25,95.91,21,103.48,113.85,57.3,57.8,39,36,28,16,30
ID534,M,31-35,94.5,8,94.43,93.3,45.9,48.3,27,27,25,24,27
ID535,M,31-35,97.81,12,97.16,102.63,51.8,44.2,24,29,33,15,28
ID537,F,26-30,113.99,18,90.05,112.66,47.9,58.7,NA,NA,NA,NA,NA
ID538,F,31-35,108.58,17,149.3,122.75,57.1,51.9,42,22,41,8,38
ID539,M,26-30,90.98,17,92.66,118.14,57.7,43.4,27,23,39,7,44
ID540,M,31-35,103.23,16,70.51,107.32,57.7,56.9,36,35,35,9,34
ID541,M,22-25,106.75,16,114.51,85.26,50,50,33,32,34,19,33
ID542,F,31-35,105.2,15,112.91,84.01,74.6,65.5,42,22,43,9,38
ID545,M,26-30,84.72,12,94.3,108.26,41,46.7,36,35,42,31,23
ID547,M,26-30,109.56,20,130.65,103.57,64.5,62.5,35,27,42,2,31
ID548,M,22-25,114.41,20,61.18,108.26,50.9,52.2,32,25,38,20,38
ID549,F,26-30,99.04,18,94.25,84.01,57.1,57.6,27,21,29,23,28
ID550,F,22-25,105.35,18,131.89,123.73,44.1,42.5,39,22,36,12,39
ID551,M,22-25,103.93,12,130.65,108.26,74.6,71.6,43,30,45,5,36
ID552,F,36+,117.96,8,117.3,88.33,45.3,33.6,29,18,29,38,28
ID553,M,26-30,102.7,12,104.68,94.33,47,45,35,28,35,22,29
ID554,F,31-35,85.27,6,91.73,93.3,51.8,52.2,40,35,34,18,36
ID555,F,26-30,106.87,20,70.51,102.63,57.1,50,38,24,36,17,40
ID557,F,26-30,96.81,7,79.46,89.14,55,51.9,34,24,36,20,28
ID558,M,26-30,97.36,18,106.9,94.33,50.2,50.5,27,31,37,12,40
ID560,F,26-30,92.63,9,99.57,98.44,46.5,40.9,29,22,25,24,22
ID561,F,31-35,101.2,20,86.51,97.6,53.1,50,34,33,40,11,27
ID562,F,26-30,88.64,10,73.5,97.6,62.8,71.6,39,30,45,6,34
ID563,M,31-35,108.32,21,76.93,102.63,44.8,48.8,40,30,37,11,33
ID564,F,26-30,110.56,17,120.62,107.32,59.1,50,32,25,37,13,39
ID565,F,22-25,119.65,20,129.54,108.26,51.7,52.2,31,20,41,22,27
ID566,M,31-35,104.08,17,87.22,107.32,43.4,45.9,27,24,26,17,31
ID567,M,26-30,96.19,21,105.92,102.63,42.1,46.5,23,41,31,25,32
ID571,M,22-25,106.68,23,141.73,136.46,68.2,68.2,31,28,47,4,32
ID572,M,31-35,110.3,22,102.2,102.63,55,48.1,33,26,35,11,34
ID574,M,26-30,106.42,11,112.44,85.26,51.7,50,35,31,32,15,27
ID575,M,31-35,108.11,5,107,62.34,52.6,56.4,37,30,41,13,43
ID578,F,22-25,92.93,18,91.3,128.24,57.1,50,38,29,38,11,38
ID579,M,26-30,108.11,20,96.97,122.75,50.9,50,40,32,36,10,30
ID580,F,31-35,89.69,5,76.37,84.01,36.7,31.5,31,25,30,16,13
ID581,M,31-35,96.08,7,88.33,112.66,51.3,50,26,24,36,16,26
ID583,F,31-35,111.19,14,134.92,117.24,42.6,43.9,30,22,28,23,30
ID584,F,26-30,103.66,20,103.13,98.44,57.1,48.5,33,27,30,22,26
ID585,F,31-35,103.18,22,111.48,131.78,69.1,52,38,26,42,6,37
ID586,F,36+,107.73,21,100.43,102.63,45.6,50,36,38,37,22,32
ID587,F,26-30,80.09,11,57.61,89.14,39.9,48.3,30,35,34,20,35
ID588,M,22-25,114.92,9,87.45,80.7,40.5,31.1,29,29,24,27,16
ID590,M,22-25,95.23,24,127.45,80.7,57.1,51.6,26,41,27,16,36
ID591,F,26-30,85.97,14,91.72,89.14,60.1,55.9,NA,NA,NA,NA,NA
ID593,F,26-30,114.88,8,111.48,107.32,57.1,64.3,34,27,44,14,31
ID594,M,26-30,117.98,21,111.72,108.26,44.3,52.2,37,37,33,18,38
ID595,F,31-35,102.77,15,86.51,93.3,50.9,48.1,30,30,31,26,28
ID597,F,22-25,106.34,21,97.87,128.24,33.3,40.8,18,33,35,22,30
ID598,M,26-30,87.17,24,131.89,89.14,59.9,45.8,31,32,37,9,24
ID599,M,31-35,89.69,14,73.55,80.14,60.1,53.6,30,38,39,14,35
ID601,F,26-30,108.26,12,129.22,108.26,55,48.5,33,25,33,28,31
ID602,M,22-25,105.2,22,77.17,123.73,74.6,71.6,33,31,34,13,27
ID604,F,22-25,67.32,7,77.01,94.33,43.3,48.5,32,29,37,21,34
ID605,F,31-35,100.87,16,102.9,102.63,47,50,32,26,33,13,33
ID607,F,31-35,91.58,19,93.58,112.66,41.3,44.5,35,25,23,28,18
ID609,F,26-30,97.59,15,112.44,123.73,60.1,62.6,42,36,35,17,39
ID610,M,22-25,115.71,19,110.48,94.33,62.8,55.7,35,30,35,12,34
ID611,F,26-30,109.38,20,97.87,103.57,47.9,50,37,32,31,22,27
ID613,F,31-35,99.33,15,106.18,112.66,49.3,42.5,36,31,32,17,25
ID614,F,22-25,83.09,9,77.23,85.26,33,54.4,23,23,25,16,36
ID615,M,22-25,92.82,22,95.97,60.09,57.1,48.1,19,17,27,13,27
ID616,M,22-25,108.38,20,118.18,123.73,38,52,35,34,27,19,28
ID617,F,31-35,98.78,20,98.75,117.24,64.5,59.8,37,42,22,28,29
ID618,M,22-25,112.47,21,93.06,108.26,52.6,44.5,36,27,38,14,32
ID620,F,31-35,103.11,18,101.13,122.75,48,55.7,37,39,38,19,28
ID621,M,26-30,90.76,21,99.57,98.44,42.6,50,41,17,33,9,34
ID622,M,26-30,101.17,21,72.41,118.14,54.4,44.6,37,37,26,29,24
ID623,M,26-30,110.43,10,136.71,98.44,56.4,40.8,28,41,36,34,31
ID624,F,26-30,97.87,8,84.87,75.82,48.5,58.3,36,28,43,25,37
ID625,F,26-30,88.52,15,90.95,72.9,48,51.9,30,23,35,21,31
ID628,M,31-35,100.11,20,84.87,102.63,61.6,38.3,39,32,39,13,30
ID629,F,31-35,82.67,18,73.5,84.01,52.6,55.9,41,29,43,6,40
ID631,F,26-30,100.14,18,108.79,108.26,51.2,50,40,26,41,15,37
ID632,F,26-30,111.98,13,125.69,112.66,42.6,44.2,29,27,22,25,26
ID633,M,31-35,122.65,17,108.62,112.66,57.7,52.2,33,22,40,19,34
ID634,F,26-30,95.33,10,96.36,80.7,55,49.9,29,22,42,15,36
ID636,F,22-25,93.12,12,65.78,98.44,43.7,54.7,33,38,32,18,25
ID637,M,31-35,96.91,10,63.93,97.6,43.3,48.1,30,40,23,24,23
ID638,F,26-30,98.77,15,113.48,84.01,61,68.1,40,36,44,15,34
ID639,F,31-35,100.55,19,96.39,107.32,74.6,71.6,36,30,34,16,31
ID640,F,31-35,103.82,21,114.23,117.24,54.4,50,42,24,36,16,31
ID641,F,26-30,95.24,18,87.84,98.44,47,43.9,31,19,35,12,15
ID642,F,31-35,117.41,20,115.61,102.63,34.9,46.2,37,31,36,18,12
ID643,M,26-30,115.3,20,137.14,108.26,42.6,37.9,24,28,31,19,14
ID644,F,31-35,97.39,17,110.38,88.33,74.6,71.6,39,19,35,16,39
ID645,F,31-35,109.25,15,97.76,112.66,53.2,57.6,44,27,30,15,40
ID646,F,31-35,104.06,19,90.44,112.66,55,46.3,29,16,33,22,22
ID647,M,31-35,112.83,17,108.53,102.63,55,52.2,30,25,31,12,35
ID648,F,26-30,97.51,14,107.7,98.44,55.2,56.4,30,29,33,18,33
ID649,F,26-30,92.97,17,107.94,122.75,45.9,43.4,35,24,37,34,29
ID650,F,22-25,117.39,14,101.16,103.57,54.4,66.5,43,29,41,9,38
ID651,F,26-30,88.52,20,103.13,118.14,62.8,71.6,43,29,46,6,38
ID652,M,26-30,118.6,20,75.77,108.26,69,71.6,42,32,41,9,41
ID653,F,26-30,89.91,17,114.51,98.44,55,51.9,29,28,38,20,31
ID654,F,22-25,55.39,12,94.3,80.7,57.3,48.1,34,27,36,29,26
ID655,F,31-35,86.24,13,84.87,93.3,58.7,51.9,39,28,21,25,36
ID656,M,26-30,90.93,20,137.14,98.44,57.1,67.2,17,28,39,2,37
ID657,F,22-25,96.1,8,94.05,98.44,51.8,67.7,33,27,40,18,31
ID658,M,31-35,115.41,23,119.1,122.75,57.7,42.1,32,34,35,8,35
ID659,F,26-30,93.1,7,121.65,89.14,43.8,40.8,31,32,38,25,37
ID660,M,22-25,97.8,19,106.9,94.33,47,53.8,23,24,44,26,24
ID661,F,31-35,102.87,7,91.27,75.82,51.7,51,34,25,38,17,26
ID662,F,26-30,108.73,18,124.42,112.66,53.1,46.5,33,32,36,19,23
ID663,M,26-30,99.68,21,112.44,89.14,57.1,48.4,35,21,39,11,30
ID664,M,22-25,118.6,20,118.18,89.14,55,60.5,28,26,36,20,22
ID665,M,26-30,102.7,18,74.67,80.7,64.5,71.6,36,23,45,21,35
ID666,F,31-35,92.18,12,73.5,107.32,69.6,63.7,NA,NA,NA,NA,NA
ID667,M,31-35,114.23,23,137.66,112.66,62.8,59.9,37,19,38,10,39
ID668,F,26-30,81.98,22,80.03,127.41,43.1,38.6,45,35,25,27,28
ID669,M,26-30,111.35,20,137.66,112.66,49.2,55.9,30,22,34,24,28
ID672,F,26-30,NA,NA,NA,NA,NA,48.1,33,37,33,22,29
ID674,F,26-30,98.17,12,123.33,103.57,49.4,64.4,41,20,45,16,42
ID675,F,31-35,96.73,20,93.58,122.75,51.1,71.6,45,25,39,17,37
ID676,F,31-35,106.1,19,97.23,112.66,62.8,60.5,35,28,42,13,36
ID677,M,22-25,93.04,9,118.18,98.44,35.6,50,26,28,35,18,27
ID678,M,22-25,91.31,22,123.33,108.26,64.5,61.7,34,22,35,9,37
ID679,M,26-30,84.55,NA,99.57,98.44,47,43.2,34,38,25,19,30
ID681,M,26-30,109.98,18,141.31,122.75,45.4,34.8,32,31,34,14,26
ID682,F,26-30,116.96,14,98.24,93.3,38.9,50,27,28,33,14,32
ID683,M,31-35,96.21,22,98.63,117.24,60.1,57.7,38,35,44,3,42
ID684,M,31-35,97.36,18,98.42,122.75,57.1,42.4,34,26,37,7,29
ID685,F,31-35,106.02,16,83.22,131.78,71.9,62.5,43,24,40,5,33
ID686,F,22-25,90.25,21,116.46,98.44,57.1,43.3,28,28,30,16,19
ID688,M,22-25,103.9,22,79.15,103.57,36.8,32.1,35,26,27,15,28
ID689,M,26-30,87.02,14,69.7,103.57,67.8,71.6,35,21,43,3,44
ID690,F,26-30,116.4,23,99.57,118.14,49.6,53.9,40,24,45,25,36
ID691,F,31-35,99.2,15,126.24,112.66,57.1,62.8,33,37,39,8,34
ID692,M,26-30,67.32,8,97.87,72.9,45.5,52,22,27,35,20,36
ID694,F,26-30,104.59,15,112.32,123.73,40.6,50.3,37,41,44,21,34
ID695,F,26-30,108.85,16,114.51,89.14,62.8,59.8,25,26,35,18,34
ID696,M,26-30,96.64,19,131.89,113.85,48.4,45.9,40,30,28,20,29
ID697,M,26-30,89.21,20,101.27,103.57,41.3,42.4,32,25,33,10,28
ID698,F,31-35,90.37,10,90.05,93.3,67.8,65.4,38,24,27,15,39
ID699,F,31-35,96.18,16,63.93,112.66,47.5,50.3,37,29,34,10,43
ID700,F,31-35,103.68,15,100.43,97.6,55,68.2,40,27,42,20,34
ID701,M,31-35,96.84,22,109.72,102.63,60.1,44.8,38,31,33,24,29
ID702,M,26-30,112.27,21,100.63,117.24,60.3,48.1,28,40,42,11,31
ID703,M,26-30,112.7,18,142.86,98.44,60.3,71.6,33,26,39,13,36
ID704,M,26-30,112.53,19,106.9,108.26,45.4,36.2,29,31,35,4,34
ID705,F,31-35,94.35,17,91.83,93.3,47.7,40.8,36,19,41,16,29
ID706,F,22-25,88.7,14,65.6,85.26,60.1,57.6,30,21,37,22,28
ID708,F,26-30,113.76,16,112.46,97.6,62.5,55.8,34,34,36,16,33
ID709,F,31-35,96.73,9,95.29,93.3,62.5,55.9,33,27,32,18,34
ID710,M,26-30,115.2,23,136.71,94.33,64.8,58,33,28,28,23,39
ID711,F,26-30,NA,18,92.34,76.81,40.5,32.9,23,33,26,36,18
ID713,M,26-30,114.55,21,98.75,112.66,55,68.9,42,32,43,14,44
ID714,F,22-25,93.67,8,123.33,108.26,63.4,51.4,44,37,25,24,34
ID716,M,26-30,104.28,19,135.63,103.57,55,50,29,26,40,14,23
ID718,F,22-25,101.88,19,75.39,98.44,70.9,57.6,38,30,42,8,32
ID721,M,22-25,116.4,20,134.24,89.14,62.8,63.3,27,30,32,3,36
ID722,F,26-30,104.69,20,117.3,112.66,57.1,71.6,33,26,36,18,45
ID723,M,22-25,79.16,22,63.02,94.33,38.3,54.2,36,36,24,35,23
ID724,F,26-30,89.1,8,79.65,98.44,57.1,50,32,27,32,16,29
ID725,F,26-30,89.98,9,100.65,89.14,52.7,40.8,28,27,32,27,29
ID726,F,26-30,107.3,NA,123.33,94.33,51.2,38.4,NA,NA,NA,NA,NA
ID727,F,26-30,88.23,22,103.98,117.24,57.1,62.5,30,17,45,4,37
ID729,F,31-35,115.55,19,136.87,107.32,41.3,38.7,37,22,35,20,26
ID730,F,31-35,105.15,10,75.06,102.63,46.6,42.5,41,36,38,9,37
ID731,M,26-30,104.4,21,111.58,89.14,36.8,30.9,40,31,35,40,20
ID732,F,31-35,81.23,15,81.57,84.01,47.9,54.6,32,38,36,19,38
ID733,F,26-30,115.49,15,102.2,102.63,55.3,56.4,43,23,43,14,31
ID734,F,26-30,110.36,14,96.41,108.26,49.6,51.4,42,30,35,19,33
ID735,M,22-25,95.36,17,80.25,94.33,46,56.7,35,27,37,9,26
ID737,F,31-35,118.31,12,144.06,112.66,62.8,55.8,36,21,43,10,19
ID739,F,31-35,95.33,15,103.44,107.32,38.6,37.9,25,25,28,37,15
ID741,F,26-30,105.76,20,121.65,94.33,52.7,42.5,36,24,38,24,32
ID742,F,26-30,92.75,18,105.01,98.44,40.1,44,34,33,28,33,24
ID743,M,26-30,87.27,23,123.33,108.26,65.8,48.1,36,36,29,25,30
ID744,F,31-35,93.36,17,88.33,107.32,58.7,62.5,38,31,25,15,28
ID745,F,26-30,93.22,16,96.12,89.14,47,44.5,25,32,34,33,19
ID746,M,26-30,106.78,21,115.39,113.85,55,51.9,37,22,32,10,30
ID747,F,26-30,97.43,11,120.69,93.3,40.6,50,33,25,22,31,27
ID748,F,22-25,111.35,13,136.87,127.41,70.6,67.2,27,34,44,10,36
ID750,M,31-35,88.58,24,117.3,117.24,59.7,58.7,31,35,31,20,33
ID752,M,26-30,94.11,16,77.17,80.7,57.1,50,32,30,37,14,28
ID753,M,26-30,101.68,22,100.86,113.85,44.8,33.6,33,26,35,9,21
ID754,M,22-25,87.67,24,84.26,108.26,42,42.5,35,39,24,36,19
ID755,M,26-30,115.7,8,82.24,113.85,64.5,58.5,43,30,38,8,36
ID756,F,26-30,57.79,11,134.24,108.26,49.8,64.3,30,38,28,12,30
ID757,F,26-30,98.79,17,87.95,93.3,44.8,58.5,37,24,43,14,24
ID758,F,31-35,118.39,17,137.66,112.66,41.7,50,42,32,41,12,35
ID759,M,31-35,106.76,19,128.38,112.66,65.5,51.9,32,25,38,11,36
ID760,M,31-35,105.05,21,129.86,112.66,47,40.5,34,27,27,20,22
ID761,F,31-35,NA,8,100.43,107.32,71.9,50,35,29,35,13,39
ID762,M,26-30,119.65,23,123.33,103.57,59.1,58.7,29,38,32,17,37
ID763,F,26-30,104.79,19,114.51,85.26,56.2,48.5,38,29,38,15,37
ID764,F,26-30,100.85,21,94.38,98.44,64.5,48.8,37,39,30,13,23
ID765,F,31-35,99.56,13,104.04,84.01,55,51.9,30,29,40,13,30
ID767,F,26-30,98.63,21,109.85,123.73,42.3,38.2,36,38,28,19,24
ID769,M,31-35,95.05,17,124.42,107.32,53.2,52.2,25,21,23,22,22
ID771,F,31-35,121.37,19,137.66,127.41,74.6,57.5,42,29,33,12,38
ID773,M,26-30,84.71,15,118.18,98.44,45.1,62.5,45,15,48,3,34
ID774,F,31-35,105.37,13,120.69,112.66,67.8,58,35,22,34,20,33
ID775,F,31-35,114.97,19,98.27,93.3,57.1,51.9,40,23,37,12,37
ID776,F,31-35,87.52,21,96.97,112.66,57.1,58.7,28,35,34,28,22
ID777,M,31-35,111.7,20,119.77,127.41,57.1,50,38,24,37,5,34
ID778,F,22-25,102.65,10,112.3,89.14,60.3,53.6,27,17,31,6,15
ID779,F,26-30,97.44,18,108.74,98.44,47,51.7,33,26,41,21,26
ID780,M,31-35,101.75,24,128.38,93.3,54.4,53.9,34,29,27,18,31
ID781,F,22-25,109.73,15,89.5,108.26,55,48.1,42,32,42,11,38
ID782,M,26-30,115.3,18,85.5,98.44,54.5,53.2,25,39,37,19,14
ID783,F,31-35,111.22,17,115.07,62.34,62.8,58.7,32,18,32,21,29
ID784,F,31-35,97.74,21,137.66,107.32,65.8,51.7,39,27,39,12,41
ID785,M,26-30,110.36,13,82.79,89.14,68.6,71.6,35,27,43,2,36
ID786,M,31-35,109.45,8,128.38,107.32,66.7,60.8,27,20,38,11,30
ID788,F,26-30,102.06,11,92.34,85.26,48,59.9,39,33,37,18,28
ID789,F,26-30,111.05,12,85.5,103.57,70.6,71.6,21,13,36,25,38
ID790,M,26-30,118.26,7,105.4,93.3,51.7,40.5,31,20,29,24,32
ID791,F,26-30,108.59,12,79.15,80.7,48.9,53.6,40,18,41,16,26
ID792,M,26-30,114.12,21,111.33,108.26,54.4,50,31,36,30,12,34
ID793,M,22-25,100.33,20,114.51,103.57,36.4,33.9,28,41,35,32,27
ID794,M,31-35,105.96,16,134.92,102.63,60.3,51.9,31,26,36,7,30
ID795,F,31-35,94.7,11,107.94,102.63,27.5,35.3,27,25,20,28,29
ID796,M,31-35,109.93,7,109.72,97.6,51.2,40.8,30,28,35,20,31
ID797,F,22-25,88.74,19,74.17,98.44,51.2,50.6,42,23,18,22,39
ID798,F,22-25,99.05,21,108.74,108.26,57.7,46.3,33,27,28,17,31
ID800,M,26-30,88.1,9,104.97,103.57,64.1,53.9,25,25,37,10,33
ID801,F,26-30,96.6,21,72.46,103.57,55,56.1,41,32,44,5,37
ID802,F,31-35,88.07,23,109.72,102.63,54.4,52.2,37,28,26,17,27
ID803,F,26-30,92.34,12,106.95,85.26,38.3,50.3,32,19,35,26,25
ID804,M,31-35,113.04,18,103.51,112.66,59.9,58.5,38,30,40,15,33
ID805,F,31-35,110.6,22,102.2,97.6,58.7,46.8,47,34,32,13,36
ID806,F,26-30,109.81,22,144.44,112.66,67.8,59.5,34,28,35,14,26
ID807,F,31-35,95.68,7,70.51,112.66,53.1,57.4,29,23,32,19,18
ID808,F,26-30,96.15,15,91.83,102.63,57.7,52.2,34,31,35,2,39
ID809,M,22-25,92.74,21,74.44,94.33,57.1,56.4,42,40,31,18,36
ID810,F,22-25,113.3,18,107.83,89.14,NA,NA,26,27,31,25,30
ID811,F,31-35,95.65,15,83.22,107.32,70.1,62.9,32,24,36,18,27
ID812,F,31-35,107.75,21,114.43,117.24,44.8,43.4,21,19,32,32,23
ID813,F,22-25,108.31,15,127.45,98.44,53.1,58.9,33,31,25,24,40
ID814,F,31-35,106.09,18,114.47,122.75,64.5,52.2,38,28,40,8,38
ID815,M,31-35,101.71,21,118.46,102.63,62.5,48.1,39,36,40,4,37
ID816,F,26-30,104.73,19,96.97,88.33,54.4,48.1,36,26,35,24,27
ID817,M,31-35,110.6,15,138.6,102.63,62.8,57.8,30,22,25,24,23
ID822,M,26-30,96.74,19,108.74,108.26,51.2,58.1,32,40,35,22,42
ID823,F,26-30,113.05,18,119.78,103.57,44.8,45.8,39,45,32,26,25
ID824,F,26-30,110.65,10,107.94,84.01,62.5,64.3,35,35,38,23,31
ID825,M,31-35,101.59,19,107.94,112.66,44.1,43.9,23,26,22,27,18
ID827,F,22-25,108.85,22,119.78,108.26,64.5,58.7,39,28,36,19,32
ID828,M,31-35,106.53,21,63.93,112.66,67.7,55.8,30,26,45,3,36
ID830,M,22-25,89.94,17,90.9,89.14,62.8,71.6,31,18,33,19,30
ID831,M,26-30,80.18,20,69.88,98.44,57.7,48.1,22,20,40,15,20
ID832,F,31-35,99,22,108.33,107.32,47,46.1,26,31,36,29,30
ID833,M,22-25,86.7,15,103.13,113.85,45.2,44.2,42,19,40,11,35
ID834,F,26-30,102.48,15,107.39,102.63,51.2,46,33,33,34,17,29
ID835,F,26-30,99.36,20,109.47,103.57,60.1,60.5,33,31,40,17,38
ID836,M,31-35,110.26,20,109.72,102.63,55,65.4,39,27,42,20,36
ID837,M,22-25,117.42,21,142.86,118.14,41.8,29.4,40,38,36,31,18
ID839,F,26-30,101.48,20,121.65,103.57,55.2,58.6,17,22,46,16,32
ID841,M,26-30,97.37,20,83.73,94.33,70.6,53.9,42,14,42,12,30
ID842,M,31-35,106.84,20,80.39,93.3,63.3,48.1,27,44,23,15,26
ID843,F,22-25,97.95,21,141.73,89.14,66.5,56.9,39,44,31,29,36
ID844,F,31-35,88.17,11,58.8,88.33,37.4,52.2,33,24,42,9,32
ID845,F,26-30,112.68,18,141.73,108.26,74.6,50.3,30,24,42,15,21
ID846,M,31-35,100.77,22,65.17,84.01,46.2,43.4,42,33,39,12,31
ID847,M,26-30,115.13,23,87.33,118.14,55,43.6,39,47,30,12,36
ID848,F,26-30,100.02,20,92.51,103.57,40.1,45.9,29,23,39,17,23
ID849,M,31-35,96.37,20,76.1,102.63,60.1,58.7,26,36,37,14,31
ID850,F,26-30,93.03,22,88.97,113.85,49.2,50,34,28,44,21,34
ID851,M,22-25,114.82,19,125.28,113.85,43.3,34.6,31,25,28,21,28
ID852,F,26-30,102.15,11,93.49,98.44,46.2,59.9,36,32,46,20,38
ID853,M,26-30,118.05,18,125.28,136.46,55,65,24,26,43,29,45
ID854,M,22-25,98.78,10,108.74,80.7,47,44.2,30,24,35,22,35
ID855,F,26-30,96.12,10,74.17,89.14,71.9,64.3,45,21,43,17,36
ID856,M,22-25,86.2,15,83.82,85.26,46.5,63.7,36,24,36,15,29
ID857,F,31-35,102.71,12,101.17,84.01,52.5,50,38,25,38,28,25
ID858,F,31-35,86.28,23,73.5,112.66,67.7,55.9,35,27,36,20,31
ID859,F,31-35,81.99,10,91.83,69.1,33.3,57.7,41,32,44,13,34
ID860,F,31-35,107.22,14,93.58,88.33,57.1,52.2,38,32,34,23,29
ID861,M,26-30,108.72,11,115.61,112.66,57.1,50,31,28,34,14,30
ID862,M,22-25,104.34,19,114.51,89.14,43.8,52.2,34,31,28,31,32
ID863,M,22-25,102.75,20,87.33,98.44,46.5,45,34,32,33,28,24
ID864,F,31-35,99.76,22,117.3,107.32,71.4,46.8,41,30,31,25,33
ID865,F,31-35,106.99,23,87.23,107.32,57.1,50,40,33,38,15,26
ID868,M,22-25,107.33,21,131.89,108.26,45.4,52.2,28,34,37,10,31
ID869,M,26-30,118.33,20,135.63,118.14,60.1,59.5,27,14,32,16,28
ID870,F,31-35,96.15,15,129.86,84.01,42.6,37.9,27,25,36,19,24
ID871,F,31-35,91.82,11,90.05,107.32,65.1,61.3,27,27,38,17,26
ID872,M,31-35,81.78,9,67.94,112.66,57.1,57.1,22,22,31,21,29
ID873,F,22-25,98.88,8,100.9,80.7,46.5,40.1,31,27,38,18,32
ID874,F,26-30,105.33,20,97.87,123.73,55,42.4,33,26,37,15,31
ID875,M,31-35,110.25,15,93.72,127.41,57.7,50,32,39,33,13,30
ID876,F,26-30,117.58,22,133.66,131.78,57.1,48.1,32,29,28,13,28
ID877,F,22-25,96.89,8,80.54,89.14,41,55.9,35,35,27,34,35
ID878,F,31-35,108.04,11,115.02,97.6,55,53.8,34,23,41,19,28
ID879,F,26-30,84.85,9,127.45,89.14,52.6,58,25,22,36,19,32
ID880,F,31-35,109.4,21,120.69,102.63,57.1,52.7,32,38,27,20,33
ID881,F,26-30,94.58,15,94.16,108.26,48.3,54.4,26,22,40,24,36
ID882,F,26-30,101.78,15,103.13,85.26,44.1,52.7,30,27,32,24,30
ID883,M,22-25,117.42,16,142.86,132.49,57.1,55.8,26,24,36,25,21
ID884,M,26-30,82.64,4,61.61,80.7,25.2,41,27,22,37,28,28
ID885,F,31-35,112.47,14,78.35,97.6,47.5,42.4,42,38,29,17,32
ID886,M,26-30,117.41,19,119.86,117.24,57.1,52.2,39,29,29,8,41
ID887,M,22-25,108.94,24,118.18,98.44,67.8,51.9,26,16,39,9,27
ID889,F,31-35,118.65,23,96.97,102.63,55,50.3,36,42,29,16,38
ID890,F,31-35,88.47,20,81.57,97.6,57.1,44.3,31,32,31,22,30
ID891,F,26-30,86.69,20,97.87,80.7,54.4,55.7,42,24,42,16,34
ID892,M,26-30,121.94,21,143.14,117.24,48.9,50,33,42,43,7,32
ID893,F,31-35,95.05,7,89,97.6,47,48.6,29,22,38,25,24
ID895,F,26-30,106.89,22,112.48,102.63,38.6,46.1,36,32,36,16,29
ID896,F,26-30,92.51,18,90.23,103.57,48,46,30,26,33,28,40
ID897,F,31-35,106.82,18,111.48,84.01,47,42.5,31,27,38,20,16
ID898,M,22-25,110.35,23,118.18,118.14,68.3,40.8,37,33,25,7,32
ID899,M,31-35,114.1,12,104.89,122.75,32.4,41.6,33,17,38,23,25
ID901,M,31-35,105.75,16,114.17,88.33,58.7,56.2,27,27,41,11,32
ID902,M,31-35,90.32,11,90.05,93.3,49.2,52.2,25,33,40,9,33
ID903,F,31-35,89.92,10,91.83,75.82,51.1,50,23,32,38,27,28
ID905,F,26-30,114.03,18,88.01,80.7,61.8,60,39,27,41,12,23
ID906,F,26-30,98.08,17,83.82,108.26,42,47.3,35,24,36,16,39
ID907,M,31-35,92.15,7,129.86,102.63,42.6,50,26,17,21,28,20
ID908,M,22-25,115.33,20,69.88,108.26,67.6,55.7,25,29,39,18,35
ID909,M,22-25,101.46,19,80.54,89.14,39.3,54.5,29,36,21,25,29
ID910,M,31-35,106.92,17,102.45,84.01,65.8,62.3,32,27,39,14,35
ID911,M,26-30,110.13,7,83.22,88.33,44.6,48.5,39,21,38,4,38
ID912,M,31-35,99.11,22,122.43,112.66,52.9,59.5,27,23,35,21,30
ID913,M,26-30,112.47,14,115,98.44,57.7,53.8,31,23,34,13,32
ID914,M,22-25,118.41,18,116.21,98.44,64.5,71.6,41,39,37,1,42
ID915,F,31-35,113.49,20,89.54,84.01,65.8,64.3,41,37,42,16,39
ID916,M,26-30,109.51,15,85.53,80.7,39.8,57.8,38,32,40,12,41
ID917,M,22-25,105.71,23,121.65,123.73,43.7,35.7,41,33,21,25,22
ID918,M,22-25,107.68,22,123.33,108.26,48.5,53.5,29,32,29,17,24
ID919,F,31-35,100.76,14,115.61,112.66,41.3,50,36,41,31,18,29
ID922,F,26-30,94.96,17,103.13,123.73,62.5,50,37,18,33,15,31
ID924,F,26-30,95.39,NA,68.79,108.26,47,45.8,NA,NA,NA,NA,NA
ID925,M,22-25,92.93,10,71.1,76.81,71.9,60.4,34,22,35,9,27
ID926,F,26-30,104.22,17,143.14,102.63,67.2,65.9,31,18,37,8,36
ID927,M,22-25,101.5,23,74.17,118.14,57.1,50,31,28,39,13,27
ID928,F,26-30,100.42,15,104.04,102.63,33.3,42.1,32,33,31,27,26
ID929,M,22-25,86.96,20,75.77,108.26,57.6,42.3,44,42,33,8,37
ID930,F,26-30,88.21,13,98.75,93.3,43.4,51.2,36,18,38,10,29
ID931,F,26-30,98.66,12,98.23,108.26,52.7,52.2,33,25,37,19,34
ID932,M,22-25,100.48,12,106.9,94.33,49.2,44.5,33,29,33,17,39
ID933,F,31-35,97.03,15,109.72,107.32,57.1,53.6,25,31,19,15,31
ID934,M,26-30,117.52,19,112.3,113.85,51.1,50,20,31,40,20,26
ID935,F,22-25,102.53,22,118.18,118.14,51.2,48.5,27,26,29,17,25
ID936,F,31-35,118.61,9,89.71,88.33,74.6,65.6,35,37,48,14,46
ID937,M,26-30,90.63,21,83.82,103.57,49.1,48.5,33,31,30,22,33
ID938,M,26-30,103.63,19,103.13,123.73,59.7,48.8,34,27,44,13,31
ID939,F,31-35,110.9,14,113.48,112.66,51.7,50,36,19,34,20,34
ID940,F,22-25,107.3,11,101.27,103.57,59.7,53.6,42,26,39,11,37
ID941,M,26-30,95.96,21,94.71,103.57,48.8,40.5,23,23,27,26,23
ID942,F,22-25,103.01,18,131.89,118.14,60.3,55.8,48,35,39,2,37
ID943,F,22-25,118.76,24,130.65,103.57,59.3,43.8,43,40,40,20,33
ID944,M,26-30,101,22,105.92,117.24,68.2,51.9,27,32,29,4,42
ID945,F,31-35,95.78,21,87.23,107.32,57.1,48.1,40,19,23,12,31
ID946,M,31-35,85.95,10,105.92,93.3,50.4,48.1,31,15,28,20,27
ID947,F,31-35,92.85,21,78.35,112.66,64.3,50,37,25,39,15,32
ID948,F,26-30,103.87,23,109.72,122.75,62.8,65.7,36,31,36,12,31
ID949,F,22-25,91.88,20,47.35,113.85,55,42.5,34,27,38,17,32
ID950,F,31-35,109.35,12,106.71,102.63,62.8,53.8,32,19,24,17,32
ID953,F,26-30,98.22,12,115.61,102.63,58.7,53.6,29,34,35,13,35
ID954,F,31-35,111.31,20,138.6,107.32,57.1,50,34,26,35,18,33
ID955,F,31-35,115.73,8,101.57,93.3,49.6,48.1,26,31,38,13,21
ID956,M,26-30,108.16,21,85.5,113.85,54.4,50,42,30,27,8,17
ID958,F,22-25,93.73,22,142.86,85.26,60.1,58.7,42,29,35,7,32
ID959,F,26-30,88.63,13,67.13,117.24,59.1,65.7,35,18,36,12,31
ID961,F,22-25,112.78,22,108.74,98.44,62.8,55.8,33,28,33,15,40
ID962,M,26-30,106.42,13,89.14,98.44,50.5,50,26,22,35,13,36
ID963,F,31-35,117.11,20,108.59,112.66,57.1,51.9,33,27,36,24,34
ID964,M,22-25,114.52,20,119.78,118.14,49.8,44.5,30,27,34,23,24
ID965,M,31-35,109.72,7,111.48,102.63,51.8,47.8,31,27,43,15,29
ID967,M,31-35,118.31,20,105.67,117.24,43.9,40.8,33,24,29,17,22
ID968,F,31-35,95.24,23,131.33,131.78,71.9,71.6,43,26,48,5,29
ID969,M,31-35,95.83,15,136.19,131.78,48,42.1,24,30,30,31,25
ID970,M,26-30,113.28,16,109.72,107.32,43,33.2,13,20,20,37,24
ID971,F,31-35,103.82,22,96.85,112.66,58.6,55.8,40,24,30,16,37
ID972,F,26-30,110.25,24,136.19,102.63,71.9,56.7,42,32,27,28,21
ID973,M,26-30,95.32,9,116.46,85.26,55,64.1,33,28,33,13,30
ID974,F,22-25,95.46,19,114.51,98.44,48.9,40.8,30,37,26,25,35
ID975,F,31-35,84.72,11,98.75,102.63,57.7,54.1,39,17,32,19,38
ID976,F,26-30,112.59,18,99.08,107.32,51.7,68.2,35,32,41,9,36
ID978,M,31-35,102.69,21,110.93,102.63,67.8,71.6,32,27,30,12,38
ID981,M,22-25,104.14,20,106.9,118.14,60.1,57.6,29,42,35,13,40
ID982,F,26-30,95.1,18,89.85,103.57,43.7,42.7,34,18,42,32,21
ID983,M,31-35,105.02,6,92.16,75.82,55.2,61.5,28,18,35,22,37
ID984,M,36+,98.13,16,98.75,93.3,50.3,50.3,30,38,26,34,27
ID985,M,26-30,120.52,23,117.82,112.66,60.1,51.6,41,40,39,16,32
ID986,M,22-25,94.7,10,101.27,94.33,51,40.8,25,33,35,28,38
ID987,F,31-35,107.22,20,95.29,102.63,67.8,65,37,22,30,16,35
ID988,M,31-35,109.84,18,80.03,112.66,46.2,46.5,33,29,31,21,28
ID989,F,22-25,88.09,16,121.65,98.44,49.6,58,37,26,37,22,32
ID990,M,26-30,92.55,20,103.13,94.33,54.4,55.9,32,26,35,16,32
ID991,F,31-35,103.55,17,122.21,102.63,55,56.3,39,24,35,12,35
ID992,M,22-25,108.74,12,94.38,94.33,64.5,58.1,43,39,28,23,38
ID994,F,31-35,106.25,20,133.66,117.24,47.9,60.6,36,28,35,7,35
ID995,F,31-35,96.9,23,90.92,127.41,69,55.8,46,23,29,18,37
ID996,M,26-30,100.39,11,110.98,98.44,47.8,50.5,31,38,31,18,23
ID997,M,31-35,99.87,24,116.9,102.63,56,57.8,31,34,36,17,32
ID998,F,22-25,83.95,10,47.98,98.44,50.9,43.8,29,20,30,22,21
ID999,F,26-30,84.2,10,97.78,98.44,71.1,56.6,18,21,33,31,29
ID1000,M,31-35,87.52,8,111.48,93.3,43.7,56.4,29,23,29,31,32
ID1001,F,31-35,113.04,19,137.66,122.75,70.1,71.6,42,33,41,3,40
ID1002,F,26-30,106.93,24,115.55,117.24,52.6,59.4,24,34,29,16,30
ID1003,F,31-35,90.04,19,96.97,97.6,62.8,62.7,36,30,44,18,37
ID1004,F,31-35,114.78,14,110.39,122.75,55.2,60,40,31,41,4,45
ID1005,F,26-30,98.49,18,118.18,103.57,55,50,31,22,32,14,36
ID1006,M,22-25,112.68,24,136.71,94.33,48.1,33.6,32,25,43,5,24
ID1007,M,31-35,100.49,22,96.97,107.32,62.8,55.5,33,39,36,31,29
ID1008,M,22-25,111.05,21,125.28,113.85,52.7,48.1,34,28,35,15,36
ID1009,M,26-30,91.47,16,84.73,113.85,40.5,43.7,29,30,40,9,38
ID1011,F,22-25,94.11,18,100.38,108.26,43.1,41.1,30,22,35,23,31
ID1012,M,22-25,115.41,10,134.92,102.63,57.7,51.7,27,22,39,18,32
ID1016,F,31-35,109.42,8,113.48,117.24,57.7,49.1,42,33,38,11,35
ID1017,F,31-35,98.92,21,103.19,117.24,60.1,63.4,46,22,38,17,20
ID1018,F,31-35,112.86,21,116.06,112.66,64.9,57.6,30,24,38,8,36
ID1019,M,22-25,117.52,9,98.79,113.85,57.1,57.7,31,26,36,10,36
ID1020,F,31-35,85.78,NA,68.15,117.24,74.6,53.5,NA,NA,NA,NA,NA
ID1021,M,22-25,118.05,11,144.35,108.26,48,59.2,20,24,35,14,39
ID1023,M,26-30,111.15,22,118.18,94.33,49.5,40.4,38,25,30,22,26
ID1024,M,31-35,114.81,22,95.81,107.32,42.2,31.5,27,39,27,17,20
ID1026,F,31-35,115.87,21,96,88.33,50.5,57.6,38,17,33,13,33
ID1027,M,31-35,111.35,20,102.2,127.41,48,40,27,43,21,19,25
ID1028,F,22-25,119.65,18,118.19,103.57,57.3,50,32,25,32,14,36
ID1029,F,31-35,100.51,12,88.92,112.66,60.3,47.9,41,25,25,16,34
ID1030,M,22-25,97.87,24,127.45,132.49,53.1,45.9,34,31,34,9,33
ID1031,F,26-30,104.99,10,110.92,80.7,40.1,37.9,38,30,26,20,23
ID1033,F,26-30,96.59,14,81.57,93.3,60.1,52.2,43,24,32,11,26
ID1034,M,22-25,115.87,20,99.57,108.26,43.1,46.1,33,24,30,15,26
ID1035,M,26-30,116.88,20,115.38,103.57,60.1,58.7,17,12,42,14,29
ID1037,F,36+,89.97,22,105.92,112.66,57.1,40.4,29,32,31,15,20
ID1039,F,26-30,101.01,10,119.78,108.26,47.9,59.9,38,25,40,18,30
ID1040,F,26-30,106.37,21,120.42,107.32,55,63.4,37,28,33,19,31
ID1041,M,26-30,99.36,22,89.14,123.73,42.5,45.9,28,37,27,27,33
ID1042,M,26-30,85.25,24,96.45,123.73,55,57.7,37,42,31,8,36
ID1043,F,26-30,96.66,23,89.14,113.85,71.9,53.8,35,35,26,27,33
ID1045,F,26-30,100.86,16,83.22,102.63,49.7,45.9,28,20,34,21,27
ID1046,M,26-30,104.28,21,74.17,98.44,53.1,46.5,32,31,44,6,33
ID1047,F,26-30,111.42,22,94.21,97.6,62.8,60.6,39,19,42,11,36
ID1049,M,26-30,107.41,17,108.74,98.44,55,52.2,32,22,31,11,38
ID1050,M,26-30,93.41,23,123.33,113.85,52.6,53.6,27,31,40,10,42
ID1052,M,26-30,88.63,6,94.32,80.7,43,45.2,30,22,29,23,24
ID1054,M,22-25,99.12,21,129.22,113.85,56.1,61.5,42,28,35,7,31
ID1055,F,26-30,102.27,21,89.72,80.7,60.1,57.5,32,19,31,20,32
ID1056,F,31-35,106.42,9,111.14,102.63,43.1,50,30,26,37,19,27
ID1058,F,31-35,93.03,16,113.24,84.01,47.8,53.9,26,16,37,20,28
ID1060,F,31-35,106.79,16,104.68,107.32,62.8,53.6,43,29,39,14,37
ID1061,M,31-35,93.48,16,107.25,107.32,51.8,47.5,31,24,29,15,29
ID1062,M,36+,113.76,14,104.04,107.32,40.1,50,36,33,36,10,23
ID1063,M,22-25,115.64,17,116.46,94.33,56.2,60.6,36,26,29,5,29
ID1064,M,26-30,117.95,17,128.38,107.32,59.7,57.4,30,27,29,17,36
ID1065,F,22-25,109.92,10,97.87,98.44,48,50,31,22,37,14,30
ID1066,M,22-25,95.91,13,134.24,98.44,60.3,57.6,30,17,26,12,34
ID1067,F,31-35,92.71,18,107.94,97.6,60.1,65.1,31,43,38,7,43
ID1068,F,26-30,118.05,18,96.12,98.44,55,59.8,28,24,33,15,35
ID1069,M,26-30,103.01,24,134.24,103.57,52.6,40.8,28,25,21,30,27
ID1070,M,31-35,110.35,9,98.75,107.32,55,57.8,14,29,37,24,30
ID1071,M,22-25,95.87,11,87.33,103.57,64.5,53.8,16,24,32,26,32
ID1072,F,31-35,89.26,18,78.35,117.24,58.7,60.1,34,31,43,13,33
ID1073,M,26-30,95.66,19,108.52,98.44,53.1,48.1,36,29,35,5,33
ID1074,M,26-30,109.04,23,54.1,118.14,47.3,52.2,30,15,39,11,30
ID1075,F,22-25,89,21,108.63,98.44,57.1,53.6,40,24,40,17,33
ID1077,M,31-35,97.69,24,120.69,112.66,43.8,52.2,38,40,24,17,31
ID1079,M,31-35,96.85,14,93.58,102.63,52.6,40.4,36,18,32,23,24
ID1080,F,26-30,87.17,8,83.82,76.81,55,48.1,39,23,41,16,39
ID1081,M,26-30,95.87,21,74.12,113.85,55.2,40.5,32,25,38,15,24
ID1082,F,31-35,97.11,21,93.58,117.24,47.6,43.9,35,29,39,15,22
ID1083,M,26-30,99,16,97.87,108.26,55,53.5,23,27,34,19,28
ID1084,M,26-30,98.01,22,110.48,118.14,57.1,53.9,33,23,29,20,33
ID1085,F,31-35,114.23,11,107.94,112.66,64.5,71.6,42,21,48,5,37
ID1086,F,26-30,113.94,21,110.4,102.63,57.7,38.8,39,34,28,18,17
ID1087,F,26-30,106.42,21,101.27,108.26,57.1,52.2,40,40,44,8,28
ID1088,F,26-30,114.12,19,136.71,103.57,41.3,44.2,35,32,35,16,24
ID1089,F,26-30,96.11,21,110.48,98.44,65,45.9,44,19,40,14,25
ID1091,M,26-30,100.22,16,94.68,103.57,45.2,47.8,46,29,47,6,37
ID1092,F,26-30,96.82,17,90.62,98.44,54.4,53.6,34,27,33,14,30
ID1093,F,31-35,96.79,16,90.05,88.33,37.4,32.7,29,19,31,35,30
ID1094,M,26-30,105.48,12,83.46,88.33,45,44.5,25,28,29,27,27
ID1095,M,26-30,93.67,19,104.04,88.33,62.9,58.6,34,39,24,14,35
ID1096,F,31-35,102.17,7,95.29,122.75,57.1,64.3,33,15,36,21,23
ID1097,F,26-30,95.27,21,96.12,113.85,55,54.5,23,23,37,13,31
ID1098,M,26-30,88.46,21,94.38,103.57,45.5,36.2,35,29,22,27,25
ID1099,F,31-35,96.15,15,81.57,93.3,55,50,34,30,38,15,22
ID1100,F,31-35,100.15,18,86.51,112.66,51.1,42.1,35,25,36,16,27
ID1101,F,31-35,96.67,9,86.51,88.33,45.5,42.1,30,17,31,23,30
ID1102,M,22-25,86.29,23,91.42,89.14,57.7,56.1,45,40,42,7,43
ID1103,F,26-30,114.79,19,117.3,122.75,36.7,36.8,25,23,38,28,24
ID1104,F,31-35,93.36,20,78.35,112.66,62.8,51.7,41,21,37,8,34
ID1106,M,31-35,109.14,23,137.66,140.86,68.4,57.4,26,37,36,17,25
ID1107,M,22-25,103.51,8,81.06,80.7,65.7,63.6,36,23,42,12,30
ID1108,F,31-35,87.91,19,98.82,127.41,51.2,53.8,35,30,34,14,32
ID1109,F,31-35,96.15,7,104.7,93.3,67.8,71.6,44,21,42,11,37
ID1111,M,22-25,95.05,9,104.97,98.44,49.6,56.2,28,26,39,16,25
ID1112,F,22-25,101.54,20,106.9,136.46,45.8,50.6,37,30,34,14,34
ID1113,M,31-35,108.64,12,117.3,117.24,64.5,50.9,43,29,37,6,32
ID1114,M,26-30,96.89,18,83.82,123.73,56.1,55.8,39,35,31,12,32
ID1117,F,31-35,119.94,19,78.35,102.63,58.7,42.4,30,24,31,18,33
ID1118,F,26-30,96.9,17,113.54,89.14,74.6,66.4,37,34,38,10,35
ID1120,F,26-30,87.13,6,117.3,80.14,37.3,46.3,37,25,40,17,33
ID1121,F,31-35,90.08,14,93.04,122.75,62.8,68.1,46,36,41,13,41
ID1122,F,22-25,99.91,15,97.53,80.7,38.6,48.8,39,22,38,13,23
ID1123,F,26-30,86.26,15,96.86,103.57,47.9,36.8,26,24,31,22,17
ID1124,M,22-25,101.78,20,139.3,113.85,57.7,46.5,27,26,33,17,35
ID1125,M,26-30,91.11,19,106.9,66.49,51.7,48.1,30,28,32,13,30
ID1126,M,31-35,112.19,16,136.19,117.24,60.5,63.3,41,32,38,8,31
ID1127,F,26-30,96.21,7,86.51,117.24,50.9,50,32,30,34,15,34
ID1128,F,31-35,97.38,21,98.75,93.3,40.1,40.4,34,26,38,29,22
ID1129,F,31-35,96.73,5,84.87,84.01,37.4,49.1,36,25,41,7,34
ID1130,F,26-30,113.11,20,92.31,60.09,47.6,37.9,29,34,20,19,22
ID1131,M,22-25,106.93,23,72.46,89.14,43.1,50,26,37,23,22,23
ID1132,F,31-35,117.8,15,120.55,107.32,40.9,46.1,38,31,26,31,16
ID1133,M,26-30,106.14,23,136.19,112.66,60.1,50,27,33,41,5,28
ID1134,M,31-35,100.3,10,116.16,102.63,51.2,46.5,31,27,32,13,29
ID1135,M,26-30,93.26,20,85.5,85.26,59.1,62.5,36,18,36,15,38
ID1136,M,31-35,119.61,11,131.33,117.24,23.7,51.9,30,25,39,10,36
ID1137,F,26-30,108.73,18,92.93,122.75,60.1,68.2,36,23,38,11,29
ID1138,M,26-30,116.31,19,137.14,108.26,64.5,53.6,41,37,36,2,39
ID1139,F,31-35,97.96,14,100.95,122.75,62.8,50,29,19,32,17,30
ID1140,M,26-30,96.58,20,101.68,107.32,55,48.1,26,23,34,13,30
ID1141,M,31-35,108.48,14,117.3,102.63,48.8,50.6,36,24,32,24,28
ID1142,F,26-30,115.87,20,111.37,108.26,41.7,43.2,33,20,40,17,16
ID1145,F,26-30,97.44,18,102.2,102.63,62.5,62.9,35,21,31,14,38
ID1146,F,36+,107.75,22,107.94,102.63,57.1,50,31,39,21,20,28
ID1147,F,31-35,101.08,13,100.96,88.33,74.6,66.3,45,25,41,13,35
ID1148,F,36+,103.86,21,120.69,102.63,51.2,52.2,32,30,27,14,30
ID1149,F,31-35,119.16,11,109.72,112.66,44,46.5,29,20,24,18,21
ID1150,M,26-30,100.92,22,101.27,136.46,47.5,43.9,32,40,11,34,24
ID1152,F,26-30,118.53,21,125.28,108.26,60.1,50,39,32,37,11,37
ID1153,F,31-35,82.21,18,102.2,107.32,54.4,60.1,39,43,31,14,37
ID1155,F,31-35,104.08,18,115.78,97.6,62.8,60.7,37,9,32,14,31
ID1156,M,22-25,111.05,22,127.45,128.24,54.4,52.2,34,28,44,1,36
ID1157,M,31-35,112.35,19,108.6,112.66,57.1,50,41,23,30,12,28
ID1158,F,31-35,103.38,15,120.69,122.75,48,52.2,42,31,37,13,31
ID1160,F,31-35,88.83,12,136.19,88.33,58.7,58.6,39,27,38,15,35
ID1161,M,26-30,115.24,10,136.19,97.6,74.6,71.6,34,19,41,3,34
ID1162,F,26-30,108.58,19,119.1,112.66,55,50.6,38,29,27,2,33
ID1163,M,26-30,94.45,19,56.69,118.14,52.6,50,29,29,32,15,28
ID1164,M,22-25,108.85,20,118.18,118.14,62.5,58.6,37,24,38,3,39
ID1166,F,22-25,103.17,15,105.46,85.26,60.1,46.1,38,31,35,17,24
ID1167,M,26-30,94.22,19,94.31,108.26,48.3,50.6,42,28,33,11,26
ID1168,F,26-30,121.82,21,136.87,117.24,62.8,55.5,31,28,39,12,28
ID1169,M,26-30,106.75,17,107.86,88.33,60.3,57.7,40,30,38,4,30
ID1170,M,22-25,80.03,10,61.27,80.7,35.6,41.6,35,34,34,35,26
ID1171,M,26-30,122.65,22,137.66,122.75,69.6,50,34,30,41,9,35
ID1172,M,26-30,109.56,13,141.73,94.33,51.8,49,37,29,33,10,29
ID1173,M,31-35,104.73,16,113.35,112.66,54.4,50,24,39,33,13,31
ID1177,F,31-35,114.74,9,144.44,93.3,57.1,53.6,35,20,37,14,29
ID1178,M,26-30,110.89,8,110.48,89.14,55,59.7,31,25,33,17,34
ID1179,F,26-30,110.27,16,97.67,89.14,44.4,52.2,34,32,34,18,29
ID1180,M,26-30,88.75,14,92.04,98.44,52.6,35.4,34,29,22,22,21
ID1183,M,26-30,102.26,10,106.9,85.26,62.5,46.6,38,24,40,14,31
ID1184,M,31-35,109.17,15,131.33,93.3,43,50,28,28,26,13,33
ID1186,M,22-25,98.63,14,112.44,98.44,52,53.5,33,25,36,22,32
ID1188,F,22-25,102.9,16,108.74,108.26,62.8,55.8,41,30,36,17,36
ID1189,M,26-30,104.28,17,112.44,98.44,46.1,54.9,32,36,37,30,34
ID1190,F,31-35,118.05,17,144.44,112.66,45.3,40.8,19,24,37,8,21
ID1191,M,22-25,86.81,13,104.97,80.7,50.9,57.9,28,27,36,27,26
ID1193,F,31-35,89.94,14,68.15,107.32,55,45.9,31,37,36,18,28
ID1194,M,26-30,108.85,24,103.49,108.26,42.5,38.6,34,36,31,30,30
ID1195,F,26-30,108.28,22,109.58,80.7,60.1,56.5,37,25,40,13,25
ID1196,M,22-25,102.98,23,134.24,94.33,57.1,50,37,28,28,20,24
ID1197,F,26-30,100.89,22,91.14,103.57,55,48.1,32,41,32,13,34
ID1198,M,31-35,107.33,20,90.05,112.66,57.1,62.7,35,24,34,17,30
ID1199,M,22-25,108.31,10,138.01,94.33,55,50.5,31,23,34,12,29
ID1202,M,31-35,116.01,14,107.51,88.33,44.4,50,36,24,39,16,32
ID1203,F,26-30,106.41,21,99.57,113.85,51.4,59.8,42,31,37,10,24
ID1204,M,26-30,101.91,20,63.93,102.63,43,38.8,28,32,29,22,27
ID1205,M,22-25,109.51,19,99.57,98.44,38.9,40.8,27,30,41,18,36
ID1206,F,26-30,103.13,20,82.24,98.44,67.7,42.4,34,32,35,20,22